
    CREATE TABLE `Country` (
        `country_id` INT AUTO_INCREMENT PRIMARY KEY,
        `name` VARCHAR(100) NOT NULL
    ) ENGINE=InnoDB;

    CREATE TABLE `State` (
        `state_id` INT AUTO_INCREMENT PRIMARY KEY,
        `name` VARCHAR(100) NOT NULL,
        `country` INT,
        FOREIGN KEY (`country`) REFERENCES `Country`(`country_id`)
    ) ENGINE=InnoDB;

    CREATE TABLE `County` (
        `county_id` INT AUTO_INCREMENT PRIMARY KEY,
        `name` VARCHAR(100) NOT NULL,
        `state` INT,
        FOREIGN KEY (`state`) REFERENCES `State`(`state_id`)
    ) ENGINE=InnoDB;

    CREATE TABLE `Address` (
        `address_id` INT AUTO_INCREMENT PRIMARY KEY,
        `street` VARCHAR(255) NOT NULL,
        `city` VARCHAR(100) NOT NULL,
        `county` INT,
        FOREIGN KEY (`county`) REFERENCES `County`(`county_id`)
    ) ENGINE=InnoDB;

    CREATE TABLE `Person` (
        `person_id` INT AUTO_INCREMENT PRIMARY KEY,
        `first_name` VARCHAR(100) NOT NULL,
        `last_name` VARCHAR(100) NOT NULL,
        `address` INT,
        FOREIGN KEY (`address`) REFERENCES `Address`(`address_id`),
        UNIQUE (`first_name`, `last_name`)
    ) ENGINE=InnoDB;

    CREATE TABLE `Article` (
        `article_id` INT AUTO_INCREMENT PRIMARY KEY,
        `title` VARCHAR(255) NOT NULL,
        `price` DECIMAL(10, 2) NOT NULL,
        `content` TEXT
    ) ENGINE=InnoDB;

   -- Create new Bill table
    CREATE TABLE `Bill` (
        `bill_id` INT AUTO_INCREMENT PRIMARY KEY,
        `person` INT NOT NULL,
        `address` INT NOT NULL,
        FOREIGN KEY (`person`) REFERENCES `Person`(`person_id`),
        FOREIGN KEY (`address`) REFERENCES `Address`(`address_id`)
    ) ENGINE=InnoDB;

    -- Create new Order table
    CREATE TABLE `Order` (
        `order_id` INT AUTO_INCREMENT PRIMARY KEY,
        `bill` INT NOT NULL,
        `article` INT NOT NULL,
        FOREIGN KEY (`bill`) REFERENCES `Bill`(`bill_id`),
        FOREIGN KEY (`article`) REFERENCES `Article`(`article_id`)
    ) ENGINE=InnoDB;

    -- Insert Countries
    INSERT INTO `Country` (`country_id`, `name`) VALUES
    (1, 'USA'),
    (2, 'Deutschland'),
    (3, 'Spanien'),
    (4, 'Frankreich'),
    (5, 'England');

    -- Insert States
    INSERT INTO `State` (`state_id`, `name`, `country`) VALUES
    (1, 'California', 1),
    (2, 'Texas', 1),
    (3, 'New York', 1),
    (4, 'Florida', 1),
    (5, 'Illinois', 1),
    (6, 'Bayern', 2),
    (7, 'Berlin', 2),
    (8, 'Hamburg', 2),
    (9, 'Hessen', 2),
    (10, 'Sachsen', 2),
    (11, 'Madrid', 3),
    (12, 'Barcelona', 3),
    (13, 'Valencia', 3),
    (14, 'Sevilla', 3),
    (15, 'Zaragoza', 3),
    (16, 'Île-de-France', 4),
    (17, 'Provence-Alpes-Côte d Azur', 4),
    (18, 'Auvergne-Rhône-Alpes', 4),
    (19, 'Nouvelle-Aquitaine', 4),
    (20, 'Occitanie', 4),
    (21, 'England', 5),
    (22, 'Scotland', 5),
    (23, 'Wales', 5),
    (24, 'Northern Ireland', 5),
    (25, 'Cornwall', 5);

    -- Insert Counties
    INSERT INTO `County` (`county_id`, `name`, `state`) VALUES
    (1, 'Los Angeles County', 1),
    (2, 'San Diego County', 1),
    (3, 'Orange County', 1),
    (4, 'Riverside County', 1),
    (5, 'San Bernardino County', 1),
    (6, 'Harris County', 2),
    (7, 'Dallas County', 2),
    (8, 'Tarrant County', 2),
    (9, 'Bexar County', 2),
    (10, 'Travis County', 2),
    (11, 'Cook County', 5),
    (12, 'DuPage County', 5),
    (13, 'Lake County', 5),
    (14, 'Will County', 5),
    (15, 'Kane County', 5),
    (16, 'Upper Bavaria', 6),
    (17, 'Lower Bavaria', 6),
    (18, 'Upper Palatinate', 6),
    (19, 'Swabia', 6),
    (20, 'Middle Franconia', 6),
    (21, 'Charlottenburg-Wilmersdorf', 7),
    (22, 'Friedrichshain-Kreuzberg', 7),
    (23, 'Lichtenberg', 7),
    (24, 'Marzahn-Hellersdorf', 7),
    (25, 'Mitte', 7),
    (26, 'Altona', 8),
    (27, 'Eimsbüttel', 8),
    (28, 'Hamburg-Mitte', 8),
    (29, 'Hamburg-Nord', 8),
    (30, 'Wandsbek', 8),
    (31, 'Darmstadt', 9),
    (32, 'Frankfurt', 9),
    (33, 'Kassel', 9),
    (34, 'Offenbach', 9),
    (35, 'Wiesbaden', 9),
    (36, 'Chemnitz', 10),
    (37, 'Dresden', 10),
    (38, 'Leipzig', 10),
    (39, 'Zwickau', 10),
    (40, 'Görlitz', 10),
    (41, 'Madrid', 11),
    (42, 'Barcelona', 12),
    (43, 'Valencia', 13),
    (44, 'Sevilla', 14),
    (45, 'Zaragoza', 15),
    (46, 'Paris', 16),
    (47, 'Marseille', 17),
    (48, 'Lyon', 18),
    (49, 'Bordeaux', 19),
    (50, 'Toulouse', 20),
    (51, 'Greater London', 21),
    (52, 'West Midlands', 21),
    (53, 'Greater Manchester', 21),
    (54, 'West Yorkshire', 21),
    (55, 'Kent', 21),
    (56, 'Glasgow City', 22),
    (57, 'Edinburgh', 22),
    (58, 'Aberdeen', 22),
    (59, 'Dundee', 22),
    (60, 'Inverness', 22),
    (61, 'Cardiff', 23),
    (62, 'Swansea', 23),
    (63, 'Newport', 23),
    (64, 'Wrexham', 23),
    (65, 'Bangor', 23),
    (66, 'Belfast', 24),
    (67, 'Derry', 24),
    (68, 'Lisburn', 24),
    (69, 'Newry', 24),
    (70, 'Armagh', 24),
    (71, 'Truro', 25),
    (72, 'Falmouth', 25),
    (73, 'Penzance', 25),
    (74, 'St Ives', 25),
    (75, 'Newquay', 25),
    (76, 'Bexar County', 2),
    (77, 'Travis County', 2),
    (78, 'Collin County', 2),
    (79, 'El Paso County', 2),
    (80, 'Denton County', 2),
    (81, 'Kings County', 3),
    (82, 'Queens County', 3),
    (83, 'New York County', 3),
    (84, 'Suffolk County', 3),
    (85, 'Bronx County', 3),
    (86, 'Miami-Dade County', 4),
    (87, 'Broward County', 4),
    (88, 'Palm Beach County', 4),
    (89, 'Hillsborough County', 4),
    (90, 'Orange County', 4),
    (91, 'Cook County', 5),
    (92, 'DuPage County', 5),
    (93, 'Lake County', 5),
    (94, 'Will County', 5),
    (95, 'Kane County', 5),
    (96, 'Upper Bavaria', 6),
    (97, 'Lower Bavaria', 6),
    (98, 'Upper Palatinate', 6),
    (99, 'Swabia', 6),
    (100, 'Middle Franconia', 6),
    (101, 'Charlottenburg-Wilmersdorf', 7),
    (102, 'Friedrichshain-Kreuzberg', 7),
    (103, 'Lichtenberg', 7),
    (104, 'Marzahn-Hellersdorf', 7),
    (105, 'Mitte', 7),
    (106, 'Altona', 8),
    (107, 'Eimsbüttel', 8),
    (108, 'Hamburg-Mitte', 8),
    (109, 'Hamburg-Nord', 8),
    (110, 'Wandsbek', 8),
    (111, 'Darmstadt', 9),
    (112, 'Frankfurt', 9),
    (113, 'Kassel', 9),
    (114, 'Offenbach', 9),
    (115, 'Wiesbaden', 9),
    (116, 'Chemnitz', 10),
    (117, 'Dresden', 10),
    (118, 'Leipzig', 10),
    (119, 'Zwickau', 10),
    (120, 'Görlitz', 10),
    (121, 'Madrid', 11),
    (122, 'Barcelona', 12),
    (123, 'Valencia', 13),
    (124, 'Sevilla', 14),
    (125, 'Zaragoza', 15);

    -- Insert Addresses
    INSERT INTO `Address` (`address_id`, `street`, `city`, `county`) VALUES
    (1, '123 Main St', 'Los Angeles', 1),
    (2, '456 Elm St', 'San Diego', 2),
    (3, '789 Oak St', 'Orange', 3),
    (4, '101 Pine St', 'Riverside', 4),
    (5, '202 Maple St', 'San Bernardino', 5),
    (6, '303 Birch St', 'Houston', 6),
    (7, '404 Cedar St', 'Dallas', 7),
    (8, '505 Walnut St', 'Fort Worth', 8),
    (9, '606 Chestnut St', 'San Antonio', 9),
    (10, '707 Spruce St', 'Austin', 10),
    (11, '808 Fir St', 'Chicago', 11),
    (12, '909 Ash St', 'Naperville', 12),
    (13, '1010 Poplar St', 'Waukegan', 13),
    (14, '1111 Redwood St', 'Joliet', 14),
    (15, '1212 Cypress St', 'Aurora', 15),
    (16, '1313 Palm St', 'Munich', 16),
    (17, '1414 Olive St', 'Regensburg', 17),
    (18, '1515 Maple St', 'Nuremberg', 18),
    (19, '1616 Pine St', 'Augsburg', 19),
    (20, '1717 Cedar St', 'Erlangen', 20),
    (21, '1818 Birch St', 'Berlin', 21),
    (22, '1919 Elm St', 'Berlin', 22),
    (23, '2020 Oak St', 'Berlin', 23),
    (24, '2121 Pine St', 'Berlin', 24),
    (25, '2222 Maple St', 'Berlin', 25),
    (26, '2323 Cedar St', 'Hamburg', 26),
    (27, '2424 Birch St', 'Hamburg', 27),
    (28, '2525 Elm St', 'Hamburg', 28),
    (29, '2626 Oak St', 'Hamburg', 29),
    (30, '2727 Pine St', 'Hamburg', 30),
    (31, '2828 Maple St', 'Darmstadt', 31),
    (32, '2929 Cedar St', 'Frankfurt', 32),
    (33, '3030 Birch St', 'Kassel', 33),
    (34, '3131 Elm St', 'Offenbach', 34),
    (35, '3232 Oak St', 'Wiesbaden', 35),
    (36, '3333 Pine St', 'Chemnitz', 36),
    (37, '3434 Maple St', 'Dresden', 37),
    (38, '3535 Cedar St', 'Leipzig', 38),
    (39, '3636 Birch St', 'Zwickau', 39),
    (40, '3737 Elm St', 'Görlitz', 40),
    (41, '3838 Oak St', 'Madrid', 41),
    (42, '3939 Pine St', 'Barcelona', 42),
    (43, '4040 Maple St', 'Valencia', 43),
    (44, '4141 Cedar St', 'Sevilla', 44),
    (45, '4242 Birch St', 'Zaragoza', 45),
    (46, '4343 Elm St', 'Paris', 46),
    (47, '4444 Oak St', 'Marseille', 47),
    (48, '4545 Pine St', 'Lyon', 48),
    (49, '4646 Maple St', 'Bordeaux', 49),
    (50, '4747 Cedar St', 'Toulouse', 50),
    (51, '4848 Birch St', 'London', 51),
    (52, '4949 Elm St', 'Birmingham', 52),
    (53, '5050 Oak St', 'Manchester', 53),
    (54, '5151 Pine St', 'Leeds', 54),
    (55, '5252 Maple St', 'Maidstone', 55),
    (56, '5353 Cedar St', 'Glasgow', 56),
    (57, '5454 Birch St', 'Edinburgh', 57),
    (58, '5555 Elm St', 'Aberdeen', 58),
    (59, '5656 Oak St', 'Dundee', 59),
    (60, '5757 Pine St', 'Inverness', 60),
    (61, '5858 Maple St', 'Cardiff', 61),
    (62, '5959 Cedar St', 'Swansea', 62),
    (63, '6060 Birch St', 'Newport', 63),
    (64, '6161 Elm St', 'Wrexham', 64),
    (65, '6262 Oak St', 'Bangor', 65),
    (66, '6363 Pine St', 'Belfast', 66),
    (67, '6464 Maple St', 'Derry', 67),
    (68, '6565 Cedar St', 'Lisburn', 68),
    (69, '6666 Birch St', 'Newry', 69),
    (70, '6767 Elm St', 'Armagh', 70),
    (71, '6868 Oak St', 'Truro', 71),
    (72, '6969 Pine St', 'Falmouth', 72),
    (73, '7070 Maple St', 'Penzance', 73),
    (74, '7171 Cedar St', 'St Ives', 74),
    (75, '7272 Birch St', 'Newquay', 75),
    (76, '7373 Elm St', 'Los Angeles', 1),
    (77, '7474 Oak St', 'San Diego', 2),
    (78, '7575 Pine St', 'Orange', 3),
    (79, '7676 Maple St', 'Riverside', 4),
    (80, '7777 Cedar St', 'San Bernardino', 5),
    (81, '7878 Birch St', 'Houston', 6),
    (82, '7979 Elm St', 'Dallas', 7),
    (83, '8080 Oak St', 'Fort Worth', 8),
    (84, '8181 Pine St', 'San Antonio', 9),
    (85, '8282 Maple St', 'Austin', 10),
    (86, '8383 Cedar St', 'Chicago', 11),
    (87, '8484 Birch St', 'Naperville', 12),
    (88, '8585 Elm St', 'Waukegan', 13),
    (89, '8686 Oak St', 'Joliet', 14),
    (90, '8787 Pine St', 'Aurora', 15),
    (91, '8888 Maple St', 'Munich', 16),
    (92, '8989 Cedar St', 'Regensburg', 17),
    (93, '9090 Birch St', 'Nuremberg', 18),
    (94, '9191 Elm St', 'Augsburg', 19),
    (95, '9292 Oak St', 'Erlangen', 20),
    (96, '9393 Pine St', 'Berlin', 21),
    (97, '9494 Maple St', 'Berlin', 22),
    (98, '9595 Cedar St', 'Berlin', 23),
    (99, '9696 Birch St', 'Berlin', 24),
    (100, '9797 Elm St', 'Berlin', 25),
    (101, '9898 Oak St', 'Hamburg', 26),
    (102, '9999 Pine St', 'Hamburg', 27),
    (103, '10000 Maple St', 'Hamburg', 28),
    (104, '10101 Cedar St', 'Hamburg', 29),
    (105, '10202 Birch St', 'Hamburg', 30),
    (106, '10303 Elm St', 'Darmstadt', 31),
    (107, '10404 Oak St', 'Frankfurt', 32),
    (108, '10505 Pine St', 'Kassel', 33),
    (109, '10606 Maple St', 'Offenbach', 34),
    (110, '10707 Cedar St', 'Wiesbaden', 35),
    (111, '10808 Birch St', 'Chemnitz', 36),
    (112, '10909 Elm St', 'Dresden', 37),
    (113, '11010 Oak St', 'Leipzig', 38),
    (114, '11111 Pine St', 'Zwickau', 39),
    (115, '11212 Maple St', 'Görlitz', 40),
    (116, '11313 Cedar St', 'Madrid', 41),
    (117, '11414 Birch St', 'Barcelona', 42),
    (118, '11515 Elm St', 'Valencia', 43),
    (119, '11616 Oak St', 'Sevilla', 44),
    (120, '11717 Pine St', 'Zaragoza', 45),
    (121, '11818 Maple St', 'Paris', 46),
    (122, '11919 Cedar St', 'Marseille', 47),
    (123, '12020 Birch St', 'Lyon', 48),
    (124, '12121 Elm St', 'Bordeaux', 49),
    (125, '12222 Oak St', 'Toulouse', 50),
    (126, '12323 Pine St', 'London', 51),
    (127, '12424 Maple St', 'Birmingham', 52),
    (128, '12525 Cedar St', 'Manchester', 53),
    (129, '12626 Birch St', 'Leeds', 54),
    (130, '12727 Elm St', 'Maidstone', 55),
    (131, '12828 Oak St', 'Glasgow', 56),
    (132, '12929 Pine St', 'Edinburgh', 57),
    (133, '13030 Maple St', 'Aberdeen', 58),
    (134, '13131 Cedar St', 'Dundee', 59),
    (135, '13232 Birch St', 'Inverness', 60),
    (136, '13333 Elm St', 'Cardiff', 61),
    (137, '13434 Oak St', 'Swansea', 62),
    (138, '13535 Pine St', 'Newport', 63),
    (139, '13636 Maple St', 'Wrexham', 64),
    (140, '13737 Cedar St', 'Bangor', 65),
    (141, '13838 Birch St', 'Belfast', 66),
    (142, '13939 Elm St', 'Derry', 67),
    (143, '14040 Oak St', 'Lisburn', 68),
    (144, '14141 Pine St', 'Newry', 69),
    (145, '14242 Maple St', 'Armagh', 70),
    (146, '14343 Cedar St', 'Truro', 71),
    (147, '14444 Birch St', 'Falmouth', 72),
    (148, '14545 Elm St', 'Penzance', 73),
    (149, '14646 Oak St', 'St Ives', 74),
    (150, '14747 Pine St', 'Newquay', 75),
    (151, '14848 Maple St', 'Los Angeles', 1),
    (152, '14949 Cedar St', 'San Diego', 2),
    (153, '15050 Birch St', 'Orange', 3),
    (154, '15151 Elm St', 'Riverside', 4),
    (155, '15252 Oak St', 'San Bernardino', 5),
    (156, '15353 Pine St', 'Houston', 6),
    (157, '15454 Maple St', 'Dallas', 7),
    (158, '15555 Cedar St', 'Fort Worth', 8),
    (159, '15656 Birch St', 'San Antonio', 9),
    (160, '15757 Elm St', 'Austin', 10),
    (161, '15858 Oak St', 'Chicago', 11),
    (162, '15959 Pine St', 'Naperville', 12),
    (163, '16060 Maple St', 'Waukegan', 13),
    (164, '16161 Cedar St', 'Joliet', 14),
    (165, '16262 Birch St', 'Aurora', 15),
    (166, '16363 Elm St', 'Munich', 16),
    (167, '16464 Oak St', 'Regensburg', 17),
    (168, '16565 Pine St', 'Nuremberg', 18),
    (169, '16666 Maple St', 'Augsburg', 19),
    (170, '16767 Cedar St', 'Erlangen', 20),
    (171, '16868 Birch St', 'Berlin', 21),
    (172, '16969 Elm St', 'Berlin', 22),
    (173, '17070 Oak St', 'Berlin', 23),
    (174, '17171 Pine St', 'Berlin', 24),
    (175, '17272 Maple St', 'Berlin', 25),
    (176, '17373 Cedar St', 'Hamburg', 26),
    (177, '17474 Birch St', 'Hamburg', 27),
    (178, '17575 Elm St', 'Hamburg', 28),
    (179, '17676 Oak St', 'Hamburg', 29),
    (180, '17777 Pine St', 'Hamburg', 30),
    (181, '17878 Maple St', 'Darmstadt', 31),
    (182, '17979 Cedar St', 'Frankfurt', 32),
    (183, '18080 Birch St', 'Kassel', 33),
    (184, '18181 Elm St', 'Offenbach', 34),
    (185, '18282 Oak St', 'Wiesbaden', 35),
    (186, '18383 Pine St', 'Chemnitz', 36),
    (187, '18484 Maple St', 'Dresden', 37),
    (188, '18585 Cedar St', 'Leipzig', 38),
    (189, '18686 Birch St', 'Zwickau', 39),
    (190, '18787 Elm St', 'Görlitz', 40),
    (191, '18888 Oak St', 'Madrid', 41),
    (192, '18989 Pine St', 'Barcelona', 42),
    (193, '19090 Maple St', 'Valencia', 43),
    (194, '19191 Cedar St', 'Sevilla', 44),
    (195, '19292 Birch St', 'Zaragoza', 45),
    (196, '19393 Elm St', 'Paris', 46),
    (197, '19494 Oak St', 'Marseille', 47),
    (198, '19595 Pine St', 'Lyon', 48),
    (199, '19696 Maple St', 'Bordeaux', 49),
    (200, '19797 Cedar St', 'Toulouse', 50),
    (201, '19898 Birch St', 'London', 51),
    (202, '19999 Elm St', 'Birmingham', 52),
    (203, '20000 Oak St', 'Manchester', 53),
    (204, '20101 Pine St', 'Leeds', 54),
    (205, '20202 Maple St', 'Maidstone', 55),
    (206, '20303 Cedar St', 'Glasgow', 56),
    (207, '20404 Birch St', 'Edinburgh', 57),
    (208, '20505 Elm St', 'Aberdeen', 58),
    (209, '20606 Oak St', 'Dundee', 59),
    (210, '20707 Pine St', 'Inverness', 60),
    (211, '20808 Maple St', 'Cardiff', 61),
    (212, '20909 Cedar St', 'Swansea', 62),
    (213, '21010 Birch St', 'Newport', 63),
    (214, '21111 Elm St', 'Wrexham', 64),
    (215, '21212 Oak St', 'Bangor', 65),
    (216, '21313 Pine St', 'Belfast', 66),
    (217, '21414 Maple St', 'Derry', 67),
    (218, '21515 Cedar St', 'Lisburn', 68),
    (219, '21616 Birch St', 'Newry', 69),
    (220, '21717 Elm St', 'Armagh', 70),
    (221, '21818 Oak St', 'Truro', 71),
    (222, '21919 Pine St', 'Falmouth', 72),
    (223, '22020 Maple St', 'Penzance', 73),
    (224, '22121 Cedar St', 'St Ives', 74),
    (225, '22222 Birch St', 'Newquay', 75),
    (226, '22323 Elm St', 'Los Angeles', 1),
    (227, '22424 Oak St', 'San Diego', 2),
    (228, '22525 Pine St', 'Orange', 3),
    (229, '22626 Maple St', 'Riverside', 4),
    (230, '22727 Cedar St', 'San Bernardino', 5),
    (231, '22828 Birch St', 'Houston', 6),
    (232, '22929 Elm St', 'Dallas', 7),
    (233, '23030 Oak St', 'Fort Worth', 8),
    (234, '23131 Pine St', 'San Antonio', 9),
    (235, '23232 Maple St', 'Austin', 10),
    (236, '23333 Cedar St', 'Chicago', 11),
    (237, '23434 Birch St', 'Naperville', 12),
    (238, '23535 Elm St', 'Waukegan', 13),
    (239, '23636 Oak St', 'Joliet', 14),
    (240, '23737 Pine St', 'Aurora', 15),
    (241, '23838 Maple St', 'Munich', 16),
    (242, '23939 Cedar St', 'Regensburg', 17),
    (243, '24040 Birch St', 'Nuremberg', 18),
    (244, '24141 Elm St', 'Augsburg', 19),
    (245, '24242 Oak St', 'Erlangen', 20),
    (246, '24343 Pine St', 'Berlin', 21),
    (247, '24444 Maple St', 'Berlin', 22),
    (248, '24545 Cedar St', 'Berlin', 23),
    (249, '24646 Birch St', 'Berlin', 24),
    (250, '24747 Elm St', 'Berlin', 25),
    (251, '24848 Oak St', 'Hamburg', 26),
    (252, '24949 Pine St', 'Hamburg', 27),
    (253, '25050 Maple St', 'Hamburg', 28),
    (254, '25151 Cedar St', 'Hamburg', 29),
    (255, '25252 Birch St', 'Hamburg', 30),
    (256, '25353 Elm St', 'Darmstadt', 31),
    (257, '25454 Oak St', 'Frankfurt', 32),
    (258, '25555 Pine St', 'Kassel', 33),
    (259, '25656 Maple St', 'Offenbach', 34),
    (260, '25757 Cedar St', 'Wiesbaden', 35),
    (261, '25858 Birch St', 'Chemnitz', 36),
    (262, '25959 Elm St', 'Dresden', 37),
    (263, '26060 Oak St', 'Leipzig', 38),
    (264, '26161 Pine St', 'Zwickau', 39),
    (265, '26262 Maple St', 'Görlitz', 40),
    (266, '26363 Cedar St', 'Madrid', 41),
    (267, '26464 Birch St', 'Barcelona', 42),
    (268, '26565 Elm St', 'Valencia', 43),
    (269, '26666 Oak St', 'Sevilla', 44),
    (270, '26767 Pine St', 'Zaragoza', 45),
    (271, '26868 Maple St', 'Paris', 46),
    (272, '26969 Cedar St', 'Marseille', 47),
    (273, '27070 Birch St', 'Lyon', 48),
    (274, '27171 Elm St', 'Bordeaux', 49),
    (275, '27272 Oak St', 'Toulouse', 50),
    (276, '27373 Pine St', 'London', 51),
    (277, '27474 Maple St', 'Birmingham', 52),
    (278, '27575 Cedar St', 'Manchester', 53),
    (279, '27676 Birch St', 'Leeds', 54),
    (280, '27777 Elm St', 'Maidstone', 55),
    (281, '27878 Oak St', 'Glasgow', 56),
    (282, '27979 Pine St', 'Edinburgh', 57),
    (283, '28080 Maple St', 'Aberdeen', 58),
    (284, '28181 Cedar St', 'Dundee', 59),
    (285, '28282 Birch St', 'Inverness', 60),
    (286, '28383 Elm St', 'Cardiff', 61),
    (287, '28484 Oak St', 'Swansea', 62),
    (288, '28585 Pine St', 'Newport', 63),
    (289, '28686 Maple St', 'Wrexham', 64),
    (290, '28787 Cedar St', 'Bangor', 65),
    (291, '28888 Birch St', 'Belfast', 66),
    (292, '28989 Elm St', 'Derry', 67),
    (293, '29090 Oak St', 'Lisburn', 68),
    (294, '29191 Pine St', 'Newry', 69),
    (295, '29292 Maple St', 'Armagh', 70),
    (296, '29393 Cedar St', 'Truro', 71),
    (297, '29494 Birch St', 'Falmouth', 72),
    (298, '29595 Elm St', 'Penzance', 73),
    (299, '29696 Oak St', 'St Ives', 74),
    (300, '29797 Pine St', 'Newquay', 75);

    -- Insert Persons
    INSERT INTO `Person` (`person_id`, `first_name`, `last_name`, `address`) VALUES
    (1, 'John', 'Doe', 1),
    (2, 'Jane', 'Smith', 2),
    (3, 'Michael', 'Johnson', 3),
    (4, 'Emily', 'Davis', 4),
    (5, 'David', 'Brown', 5),
    (6, 'Alice', 'Williams', 6),
    (7, 'Robert', 'Jones', 7),
    (8, 'Mary', 'Garcia', 8),
    (9, 'James', 'Martinez', 9),
    (10, 'Patricia', 'Rodriguez', 10),
    (11, 'Jennifer', 'Wilson', 11),
    (12, 'Michael', 'Anderson', 12),
    (13, 'Linda', 'Thomas', 13),
    (14, 'William', 'Taylor', 14),
    (15, 'Elizabeth', 'Moore', 15),
    (16, 'David', 'Jackson', 16),
    (17, 'Barbara', 'Martin', 17),
    (18, 'Richard', 'Lee', 18),
    (19, 'Susan', 'Perez', 19),
    (20, 'Joseph', 'Thompson', 20),
    (21, 'Charles', 'White', 21),
    (22, 'Karen', 'Harris', 22),
    (23, 'Thomas', 'Sanchez', 23),
    (24, 'Christopher', 'Clark', 24),
    (25, 'Daniel', 'Ramirez', 25),
    (26, 'Matthew', 'Lewis', 26),
    (27, 'Anthony', 'Robinson', 27),
    (28, 'Donald', 'Walker', 28),
    (29, 'Mark', 'Young', 29),
    (30, 'Paul', 'Allen', 30),
    (31, 'Steven', 'King', 31),
    (32, 'Andrew', 'Wright', 32),
    (33, 'Kenneth', 'Scott', 33),
    (34, 'Joshua', 'Torres', 34),
    (35, 'George', 'Nguyen', 35),
    (36, 'Kevin', 'Hill', 36),
    (37, 'Brian', 'Flores', 37),
    (38, 'Edward', 'Green', 38),
    (39, 'Ronald', 'Adams', 39),
    (40, 'Timothy', 'Nelson', 40),
    (41, 'Jason', 'Baker', 41),
    (42, 'Jeffrey', 'Hall', 42),
    (43, 'Ryan', 'Rivera', 43),
    (44, 'Jacob', 'Campbell', 44),
    (45, 'Gary', 'Mitchell', 45),
    (46, 'Nicholas', 'Carter', 46),
    (47, 'Eric', 'Roberts', 47),
    (48, 'Stephen', 'Gomez', 48),
    (49, 'Jonathan', 'Phillips', 49),
    (50, 'Larry', 'Evans', 50),
    (51, 'Justin', 'Turner', 51),
    (52, 'Scott', 'Diaz', 52),
    (53, 'Brandon', 'Parker', 53),
    (54, 'Frank', 'Cruz', 54),
    (55, 'Benjamin', 'Edwards', 55),
    (56, 'Gregory', 'Collins', 56),
    (57, 'Samuel', 'Reyes', 57),
    (58, 'Raymond', 'Stewart', 58),
    (59, 'Patrick', 'Morris', 59),
    (60, 'Alexander', 'Morales', 60),
    (61, 'Jack', 'Murphy', 61),
    (62, 'Dennis', 'Cook', 62),
    (63, 'Jerry', 'Rogers', 63),
    (64, 'Tyler', 'Gutierrez', 64),
    (65, 'Aaron', 'Ortiz', 65),
    (66, 'Henry', 'Morgan', 66),
    (67, 'Douglas', 'Cooper', 67),
    (68, 'Peter', 'Peterson', 68),
    (69, 'Jose', 'Bailey', 69),
    (70, 'Adam', 'Reed', 70),
    (71, 'Zachary', 'Kelly', 71),
    (72, 'Nathan', 'Howard', 72),
    (73, 'Walter', 'Ramos', 73),
    (74, 'Harold', 'Kim', 74),
    (75, 'Kyle', 'Cox', 75),
    (76, 'Carl', 'Ward', 76),
    (77, 'Arthur', 'Richardson', 77),
    (78, 'Gerald', 'Watson', 78),
    (79, 'Roger', 'Brooks', 79),
    (80, 'Keith', 'Chavez', 80),
    (81, 'Jeremy', 'Wood', 81),
    (82, 'Terry', 'James', 82),
    (83, 'Lawrence', 'Bennett', 83),
    (84, 'Sean', 'Gray', 84),
    (85, 'Christian', 'Mendoza', 85),
    (86, 'Albert', 'Ruiz', 86),
    (87, 'Joe', 'Hughes', 87),
    (88, 'Ethan', 'Price', 88),
    (89, 'Austin', 'Alvarez', 89),
    (90, 'Jesse', 'Castillo', 90),
    (91, 'Willie', 'Sanders', 91),
    (92, 'Billy', 'Patel', 92),
    (93, 'Bryan', 'Myers', 93),
    (94, 'Bruce', 'Long', 94),
    (95, 'Jordan', 'Ross', 95),
    (96, 'Ralph', 'Foster', 96),
    (97, 'Roy', 'Jimenez', 97),
    (98, 'Noah', 'Powell', 98),
    (99, 'Dylan', 'Jenkins', 99),
    (100, 'Eugene', 'Perry', 100),
    (101, 'Wayne', 'Russell', 101),
    (102, 'Alan', 'Sullivan', 102),
    (103, 'Juan', 'Bell', 103),
    (104, 'Louis', 'Coleman', 104),
    (105, 'Russell', 'Butler', 105),
    (106, 'Gabriel', 'Henderson', 106),
    (107, 'Randy', 'Barnes', 107),
    (108, 'Philip', 'Gonzales', 108),
    (109, 'Harry', 'Fisher', 109),
    (110, 'Vincent', 'Vasquez', 110),
    (111, 'Bobby', 'Simmons', 111),
    (112, 'Johnny', 'Romero', 112),
    (113, 'Logan', 'Jordan', 113),
    (114, 'Billy', 'Patterson', 114),
    (115, 'Randy', 'Alexander', 115),
    (116, 'Howard', 'Hamilton', 116),
    (117, 'Eugene', 'Graham', 117),
    (118, 'Carlos', 'Reynolds', 118),
    (119, 'Russell', 'Griffin', 119),
    (120, 'Bobby', 'Wallace', 120),
    (121, 'Johnny', 'West', 121),
    (122, 'Logan', 'Cole', 122),
    (123, 'Billy', 'Hayes', 123),
    (124, 'Randy', 'Bryant', 124),
    (125, 'Howard', 'Herrera', 125),
    (126, 'Eugene', 'Gibson', 126),
    (127, 'Carlos', 'Ellis', 127),
    (128, 'Russell', 'Tran', 128),
    (129, 'Bobby', 'Medina', 129),
    (130, 'Johnny', 'Aguilar', 130),
    (131, 'Logan', 'Stevens', 131),
    (132, 'Billy', 'Murray', 132),
    (133, 'Randy', 'Ford', 133),
    (134, 'Howard', 'Castro', 134),
    (135, 'Eugene', 'Ortiz', 135),
    (136, 'Carlos', 'Gomez', 136),
    (137, 'Russell', 'Mason', 137),
    (138, 'Bobby', 'Gordon', 138),
    (139, 'Johnny', 'Hunter', 139),
    (140, 'Logan', 'Vargas', 140),
    (141, 'Billy', 'Hicks', 141),
    (142, 'Randy', 'Cunningham', 142),
    (143, 'Howard', 'Shaw', 143),
    (144, 'Eugene', 'Holmes', 144),
    (145, 'Carlos', 'Rice', 145),
    (146, 'Russell', 'Robertson', 146),
    (147, 'Bobby', 'Hunt', 147),
    (148, 'Johnny', 'Black', 148),
    (149, 'Logan', 'Daniels', 149),
    (150, 'Billy', 'Palmer', 150),
    (151, 'Randy', 'Mills', 151),
    (152, 'Howard', 'Nichols', 152),
    (153, 'Eugene', 'Grant', 153),
    (154, 'Carlos', 'Knight', 154),
    (155, 'Russell', 'Ferguson', 155),
    (156, 'Bobby', 'Rose', 156),
    (157, 'Johnny', 'Stone', 157),
    (158, 'Logan', 'Hawkins', 158),
    (159, 'Billy', 'Dunn', 159),
    (160, 'Randy', 'Perkins', 160),
    (161, 'Howard', 'Hudson', 161),
    (162, 'Eugene', 'Spencer', 162),
    (163, 'Carlos', 'Gardner', 163),
    (164, 'Russell', 'Stephens', 164),
    (165, 'Bobby', 'Payne', 165),
    (166, 'Johnny', 'Pierce', 166),
    (167, 'Logan', 'Berry', 167),
    (168, 'Billy', 'Matthews', 168),
    (169, 'Randy', 'Arnold', 169),
    (170, 'Howard', 'Wagner', 170),
    (171, 'Eugene', 'Willis', 171),
    (172, 'Carlos', 'Ray', 172),
    (173, 'Russell', 'Watkins', 173),
    (174, 'Bobby', 'Olson', 174),
    (175, 'Johnny', 'Carroll', 175),
    (176, 'Logan', 'Duncan', 176),
    (177, 'Billy', 'Snyder', 177),
    (178, 'Randy', 'Hart', 178),
    (179, 'Howard', 'Cunningham', 179),
    (180, 'Eugene', 'Bradley', 180),
    (181, 'Carlos', 'Lane', 181),
    (182, 'Russell', 'Andrews', 182),
    (183, 'Bobby', 'Ruiz', 183),
    (184, 'Johnny', 'Harper', 184),
    (185, 'Logan', 'Fox', 185),
    (186, 'Billy', 'Riley', 186),
    (187, 'Randy', 'Armstrong', 187),
    (188, 'Howard', 'Carpenter', 188),
    (189, 'Eugene', 'Weaver', 189),
    (190, 'Carlos', 'Greene', 190),
    (191, 'Russell', 'Lawrence', 191),
    (192, 'Bobby', 'Elliott', 192),
    (193, 'Johnny', 'Chavez', 193),
    (194, 'Logan', 'Sims', 194),
    (195, 'Billy', 'Austin', 195),
    (196, 'Randy', 'Peters', 196),
    (197, 'Howard', 'Kelley', 197),
    (198, 'Eugene', 'Franklin', 198),
    (199, 'Carlos', 'Lawson', 199),
    (200, 'Russell', 'Fields', 200);

    -- Insert Articles
    INSERT INTO `article` (`article_id`, `title`, `price`, `content`) VALUES
    (1, 'Gloves', 2.10, 'High-quality winter gloves to keep your hands warm'),
    (2, 'Socks', 2.20, 'Comfortable cotton socks for everyday use'),
    (3, 'Pants', 2.30, 'Stylish and durable pants for all occasions'),
    (4, 'Shirts', 2.40, 'Casual and formal shirts in various colors'),
    (5, 'Jackets', 3.50, 'Warm and fashionable jackets for cold weather'),
    (6, 'Hats', 3.60, 'Trendy hats to complement your outfit'),
    (7, 'Scarves', 3.70, 'Soft and cozy scarves for winter'),
    (8, 'Shoes', 3.80, 'Comfortable and stylish shoes for all seasons'),
    (9, 'Belts', 3.90, 'Leather belts to complete your look'),
    (10, 'T-shirts', 4.00, 'Casual t-shirts in various designs'),
    (11, 'Sweaters', 4.10, 'Warm sweaters for chilly days'),
    (12, 'Jeans', 4.20, 'Classic denim jeans for everyday wear'),
    (13, 'Shorts', 4.30, 'Comfortable shorts for summer'),
    (14, 'Underwear', 4.40, 'Soft and breathable underwear'),
    (15, 'Sunglasses', 5.50, 'Stylish sunglasses to protect your eyes'),
    (16, 'Watches', 5.60, 'Elegant watches for every occasion'),
    (17, 'Bags', 5.70, 'Durable bags for travel and daily use'),
    (18, 'Wallets', 5.80, 'Leather wallets to keep your essentials'),
    (19, 'Ties', 5.90, 'Formal ties for business and events'),
    (20, 'Suits', 6.00, 'Tailored suits for a sharp look'),
    (21, 'Dresses', 6.10, 'Beautiful dresses for special occasions'),
    (22, 'Skirts', 6.20, 'Fashionable skirts for a chic look'),
    (23, 'Blouses', 6.30, 'Elegant blouses for work and play'),
    (24, 'Coats', 6.40, 'Warm coats for winter'),
    (25, 'Boots', 7.50, 'Sturdy boots for all terrains'),
    (26, 'Sandals', 7.60, 'Comfortable sandals for summer'),
    (27, 'Slippers', 7.70, 'Cozy slippers for home'),
    (28, 'Swimwear', 7.80, 'Stylish swimwear for the beach'),
    (29, 'Sportswear', 7.90, 'Comfortable sportswear for workouts'),
    (30, 'Hoodies', 8.00, 'Casual hoodies for everyday wear'),
    (31, 'Blazers', 8.10, 'Smart blazers for formal occasions'),
    (32, 'Cardigans', 8.20, 'Warm cardigans for layering'),
    (33, 'Vests', 8.30, 'Stylish vests for a layered look'),
    (34, 'Leggings', 8.40, 'Comfortable leggings for workouts and casual wear'),
    (35, 'Tights', 9.50, 'Soft and durable tights'),
    (36, 'Raincoats', 9.60, 'Waterproof raincoats for wet weather'),
    (37, 'Ponchos', 9.70, 'Stylish ponchos for rainy days'),
    (38, 'Overalls', 9.80, 'Durable overalls for work and play'),
    (39, 'Jumpsuits', 9.90, 'Fashionable jumpsuits for a trendy look'),
    (40, 'Pajamas', 10.00, 'Comfortable pajamas for a good nights sleep'),
    (41, 'Robes', 10.10, 'Soft robes for lounging at home'),
    (42, 'Lingerie', 10.20, 'Elegant lingerie for special moments'),
    (43, 'Bikinis', 10.30, 'Stylish bikinis for the beach'),
    (44, 'Boardshorts', 10.40, 'Comfortable boardshorts for surfing'),
    (45, 'Tracksuits', 11.50, 'Comfortable tracksuits for workouts'),
    (46, 'Sneakers', 11.60, 'Stylish sneakers for everyday wear'),
    (47, 'Loafers', 11.70, 'Elegant loafers for formal occasions'),
    (48, 'Heels', 11.80, 'Chic heels for a stylish look'),
    (49, 'Flats', 11.90, 'Comfortable flats for everyday wear'),
    (50, 'Espadrilles', 12.00, 'Casual espadrilles for summer'),
    (51, 'Clogs', 12.10, 'Comfortable clogs for work and home'),
    (52, 'Moccasins', 12.20, 'Stylish moccasins for a casual look'),
    (53, 'Ankle Boots', 12.30, 'Trendy ankle boots for all seasons'),
    (54, 'Chelsea Boots', 12.40, 'Classic Chelsea boots for a timeless look'),
    (55, 'Combat Boots', 13.50, 'Sturdy combat boots for a rugged look'),
    (56, 'Cowboy Boots', 13.60, 'Stylish cowboy boots for a western look'),
    (57, 'Rain Boots', 13.70, 'Waterproof rain boots for wet weather'),
    (58, 'Snow Boots', 13.80, 'Warm snow boots for winter'),
    (59, 'Hiking Boots', 13.90, 'Durable hiking boots for outdoor adventures'),
    (60, 'Running Shoes', 14.00, 'Comfortable running shoes for workouts'),
    (61, 'Basketball Shoes', 14.10, 'High-performance basketball shoes'),
    (62, 'Soccer Cleats', 14.20, 'Durable soccer cleats for the field'),
    (63, 'Golf Shoes', 14.30, 'Comfortable golf shoes for the course'),
    (64, 'Tennis Shoes', 14.40, 'High-performance tennis shoes'),
    (65, 'Cycling Shoes', 15.50, 'Durable cycling shoes for biking'),
    (66, 'Skate Shoes', 15.60, 'Stylish skate shoes for skating'),
    (67, 'Boat Shoes', 15.70, 'Comfortable boat shoes for sailing'),
    (68, 'Dress Shoes', 15.80, 'Elegant dress shoes for formal occasions'),
    (69, 'Work Boots', 15.90, 'Sturdy work boots for tough jobs'),
    (70, 'Safety Shoes', 16.00, 'Protective safety shoes for work'),
    (71, 'Orthopedic Shoes', 16.10, 'Comfortable orthopedic shoes for support'),
    (72, 'Dance Shoes', 16.20, 'Stylish dance shoes for performances'),
    (73, 'Ballet Shoes', 16.30, 'Elegant ballet shoes for dancers'),
    (74, 'Jazz Shoes', 16.40, 'Comfortable jazz shoes for dancing'),
    (75, 'Tap Shoes', 17.50, 'Durable tap shoes for performances'),
    (76, 'Character Shoes', 17.60, 'Stylish character shoes for theater'),
    (77, 'Latin Dance Shoes', 17.70, 'Elegant Latin dance shoes for performances'),
    (78, 'Ballroom Dance Shoes', 17.80, 'Comfortable ballroom dance shoes'),
    (79, 'Salsa Shoes', 17.90, 'Stylish salsa shoes for dancing'),
    (80, 'Swing Dance Shoes', 18.00, 'Comfortable swing dance shoes'),
    (81, 'Folk Dance Shoes', 18.10, 'Durable folk dance shoes'),
    (82, 'Irish Dance Shoes', 18.20, 'Stylish Irish dance shoes'),
    (83, 'Flamenco Shoes', 18.30, 'Elegant flamenco shoes for performances'),
    (84, 'Belly Dance Shoes', 18.40, 'Comfortable belly dance shoes'),
    (85, 'Hip Hop Shoes', 19.50, 'Stylish hip hop shoes for dancing'),
    (86, 'Breakdance Shoes', 19.60, 'Durable breakdance shoes'),
    (87, 'Contemporary Dance Shoes', 19.70, 'Comfortable contemporary dance shoes'),
    (88, 'Lyrical Dance Shoes', 19.80, 'Elegant lyrical dance shoes'),
    (89, 'Modern Dance Shoes', 19.90, 'Stylish modern dance shoes'),
    (90, 'Street Dance Shoes', 20.00, 'Comfortable street dance shoes'),
    (91, 'Zumba Shoes', 20.10, 'Durable Zumba shoes for workouts'),
    (92, 'Pilates Shoes', 20.20, 'Comfortable Pilates shoes'),
    (93, 'Yoga Shoes', 20.30, 'Stylish yoga shoes for practice'),
    (94, 'Barre Shoes', 20.40, 'Durable barre shoes for workouts'),
    (95, 'Gym Shoes', 21.50, 'Comfortable gym shoes for workouts'),
    (96, 'CrossFit Shoes', 21.60, 'High-performance CrossFit shoes'),
    (97, 'Weightlifting Shoes', 21.70, 'Durable weightlifting shoes'),
    (98, 'Boxing Shoes', 21.80, 'Comfortable boxing shoes for training'),
    (99, 'Wrestling Shoes', 21.90, 'Stylish wrestling shoes for matches'),
    (100, 'Martial Arts Shoes', 22.00, 'Durable martial arts shoes'),
    (101, 'Karate Shoes', 22.10, 'Comfortable karate shoes for practice'),
    (102, 'Taekwondo Shoes', 22.20, 'Stylish taekwondo shoes for training'),
    (103, 'Judo Shoes', 22.30, 'Durable judo shoes for practice'),
    (104, 'Kung Fu Shoes', 22.40, 'Comfortable kung fu shoes for training'),
    (105, 'MMA Shoes', 23.50, 'Stylish MMA shoes for training'),
    (106, 'Kickboxing Shoes', 23.60, 'Durable kickboxing shoes'),
    (107, 'Muay Thai Shoes', 23.70, 'Comfortable Muay Thai shoes'),
    (108, 'Krav Maga Shoes', 23.80, 'Stylish Krav Maga shoes for training'),
    (109, 'Capoeira Shoes', 23.90, 'Durable Capoeira shoes for practice'),
    (110, 'Aikido Shoes', 24.00, 'Comfortable Aikido shoes for training'),
    (111, 'Jiu-Jitsu Shoes', 24.10, 'Stylish Jiu-Jitsu shoes for practice'),
    (112, 'Sambo Shoes', 24.20, 'Durable Sambo shoes for training'),
    (113, 'Savate Shoes', 24.30, 'Comfortable Savate shoes for practice'),
    (114, 'Kendo Shoes', 24.40, 'Stylish Kendo shoes for training'),
    (115, 'Fencing Shoes', 25.50, 'Durable fencing shoes for practice'),
    (116, 'Archery Shoes', 25.60, 'Comfortable archery shoes for training'),
    (117, 'Shooting Shoes', 25.70, 'Stylish shooting shoes for practice'),
    (118, 'Hunting Shoes', 25.80, 'Durable hunting shoes for outdoor adventures'),
    (119, 'Fishing Shoes', 25.90, 'Comfortable fishing shoes for trips'),
    (120, 'Camping Shoes', 26.00, 'Stylish camping shoes for outdoor activities'),
    (121, 'Hiking Shoes', 26.10, 'Durable hiking shoes for trails'),
    (122, 'Climbing Shoes', 26.20, 'Comfortable climbing shoes for adventures'),
    (123, 'Mountaineering Shoes', 26.30, 'Stylish mountaineering shoes for expeditions'),
    (124, 'Trail Running Shoes', 26.40, 'Durable trail running shoes for off-road'),
    (125, 'Water Shoes', 27.50, 'Comfortable water shoes for aquatic activities'),
    (126, 'Beach Shoes', 27.60, 'Stylish beach shoes for summer'),
    (127, 'Pool Shoes', 27.70, 'Durable pool shoes for swimming'),
    (128, 'Diving Shoes', 27.80, 'Comfortable diving shoes for underwater'),
    (129, 'Snorkeling Shoes', 27.90, 'Stylish snorkeling shoes for trips'),
    (130, 'Surfing Shoes', 28.00, 'Durable surfing shoes for waves'),
    (131, 'Kayaking Shoes', 28.10, 'Comfortable kayaking shoes for paddling'),
    (132, 'Canoeing Shoes', 28.20, 'Stylish canoeing shoes for trips'),
    (133, 'Rafting Shoes', 28.30, 'Durable rafting shoes for adventures'),
    (134, 'Sailing Shoes', 28.40, 'Comfortable sailing shoes for boating'),
    (135, 'Rowing Shoes', 29.50, 'Stylish rowing shoes for practice'),
    (136, 'Paddleboarding Shoes', 29.60, 'Durable paddleboarding shoes'),
    (137, 'Windsurfing Shoes', 29.70, 'Comfortable windsurfing shoes'),
    (138, 'Kitesurfing Shoes', 29.80, 'Stylish kitesurfing shoes for practice'),
    (139, 'Wakeboarding Shoes', 29.90, 'Durable wakeboarding shoes'),
    (140, 'Water Skiing Shoes', 30.00, 'Comfortable water skiing shoes'),
    (141, 'Jet Skiing Shoes', 30.10, 'Stylish jet skiing shoes for trips'),
    (142, 'Parasailing Shoes', 30.20, 'Durable parasailing shoes for adventures'),
    (143, 'Paragliding Shoes', 30.30, 'Comfortable paragliding shoes'),
    (144, 'Skydiving Shoes', 30.40, 'Stylish skydiving shoes for jumps'),
    (145, 'Bungee Jumping Shoes', 31.50, 'Durable bungee jumping shoes'),
    (146, 'Base Jumping Shoes', 31.60, 'Comfortable base jumping shoes'),
    (147, 'Hang Gliding Shoes', 31.70, 'Stylish hang gliding shoes for flights'),
    (148, 'Gliding Shoes', 31.80, 'Durable gliding shoes for practice'),
    (149, 'Hot Air Ballooning Shoes', 31.90, 'Comfortable hot air ballooning shoes'),
    (150, 'Helicopter Shoes', 32.00, 'Stylish helicopter shoes for flights'),
    (151, 'Plane Shoes', 32.10, 'Durable plane shoes for trips'),
    (152, 'Space Shoes', 32.20, 'Comfortable space shoes for astronauts'),
    (153, 'Astronaut Shoes', 32.30, 'Stylish astronaut shoes for space missions'),
    (154, 'Rocket Shoes', 32.40, 'Durable rocket shoes for launches'),
    (155, 'Satellite Shoes', 33.50, 'Comfortable satellite shoes for engineers'),
    (156, 'Space Station Shoes', 33.60, 'Stylish space station shoes for astronauts'),
    (157, 'Mars Shoes', 33.70, 'Durable Mars shoes for exploration'),
    (158, 'Moon Shoes', 33.80, 'Comfortable moon shoes for astronauts'),
    (159, 'Planet Shoes', 33.90, 'Stylish planet shoes for space missions'),
    (160, 'Galaxy Shoes', 34.00, 'Durable galaxy shoes for exploration'),
    (161, 'Universe Shoes', 34.10, 'Comfortable universe shoes for astronauts'),
    (162, 'Black Hole Shoes', 34.20, 'Stylish black hole shoes for scientists'),
    (163, 'Wormhole Shoes', 34.30, 'Durable wormhole shoes for exploration'),
    (164, 'Time Travel Shoes', 34.40, 'Comfortable time travel shoes for adventures'),
    (165, 'Parallel Universe Shoes', 35.50, 'Stylish parallel universe shoes for exploration'),
    (166, 'Multiverse Shoes', 35.60, 'Durable multiverse shoes for scientists'),
    (167, 'Quantum Shoes', 35.70, 'Comfortable quantum shoes for physicists'),
    (168, 'String Theory Shoes', 35.80, 'Stylish string theory shoes for scientists'),
    (169, 'Dark Matter Shoes', 35.90, 'Durable dark matter shoes for exploration'),
    (170, 'Antimatter Shoes', 36.00, 'Comfortable antimatter shoes for scientists'),
    (171, 'Higgs Boson Shoes', 36.10, 'Stylish Higgs boson shoes for physicists'),
    (172, 'Particle Accelerator Shoes', 36.20, 'Durable particle accelerator shoes for scientists'),
    (173, 'CERN Shoes', 36.30, 'Comfortable CERN shoes for researchers'),
    (174, 'Large Hadron Collider Shoes', 36.40, 'Stylish Large Hadron Collider shoes for scientists'),
    (175, 'Fermilab Shoes', 37.50, 'Durable Fermilab shoes for researchers'),
    (176, 'SLAC Shoes', 37.60, 'Comfortable SLAC shoes for scientists'),
    (177, 'Brookhaven Shoes', 37.70, 'Stylish Brookhaven shoes for researchers'),
    (178, 'Argonne Shoes', 37.80, 'Durable Argonne shoes for scientists'),
    (179, 'Lawrence Berkeley Shoes', 37.90, 'Comfortable Lawrence Berkeley shoes for researchers'),
    (180, 'Los Alamos Shoes', 38.00, 'Stylish Los Alamos shoes for scientists'),
    (181, 'Sandia Shoes', 38.10, 'Durable Sandia shoes for researchers'),
    (182, 'Oak Ridge Shoes', 38.20, 'Comfortable Oak Ridge shoes for scientists');


    -- Insert Bills
    INSERT INTO `Bill` (`bill_id`, `amount`, `person`, `article`) VALUES
    (1, 100.00, 1, 1),
    (2, 150.00, 2, 2),
    (3, 200.00, 3, 3),
    (4, 250.00, 4, 4),
    (5, 300.00, 5, 5),
    (6, 350.00, 6, 6),
    (7, 400.00, 7, 7),
    (8, 450.00, 8, 8),
    (9, 500.00, 9, 9),
    (10, 550.00, 10, 23),
    (11, 600.00, 11, 110),
    (12, 650.00, 12, 12),
    (13, 700.00, 13, 13),
    (14, 750.00, 14, 14),
    (15, 800.00, 15, 175),
    (16, 850.00, 16, 16),
    (17, 900.00, 17, 17),
    (18, 950.00, 18, 18),
    (19, 1000.00, 19, 19),
    (20, 1050.00, 20, 20),
    (21, 1100.00, 21, 21),
    (22, 1150.00, 22, 44),
    (23, 1200.00, 23, 23),
    (24, 1250.00, 24, 73),
    (25, 1300.00, 25, 25),
    (26, 1350.00, 26, 26),
    (27, 1400.00, 27, 27),
    (28, 1450.00, 28, 28),
    (29, 1500.00, 29, 29),
    (30, 1550.00, 30, 182),
    (31, 1600.00, 31, 31),
    (32, 1650.00, 32, 32),
    (33, 1700.00, 33, 33),
    (34, 1750.00, 34, 101),
    (35, 1800.00, 35, 35),
    (36, 1850.00, 36, 36),
    (37, 1900.00, 37, 37),
    (38, 1950.00, 38, 58),
    (39, 2000.00, 39, 39),
    (40, 2050.00, 40, 40),
    (41, 2100.00, 41, 41),
    (42, 2150.00, 42, 42),
    (43, 2200.00, 43, 43),
    (44, 2250.00, 44, 100),
    (45, 2300.00, 45, 45),
    (46, 2350.00, 46, 46),
    (47, 2400.00, 47, 47),
    (48, 2450.00, 48, 48),
    (49, 2500.00, 49, 49),
    (50, 2550.00, 50, 50),
    (51, 2600.00, 51, 51),
    (52, 2650.00, 52, 52),
    (53, 2700.00, 53, 53),
    (54, 2750.00, 54, 54),
    (55, 2800.00, 55, 55),
    (56, 2850.00, 56, 56),
    (57, 2900.00, 57, 57),
    (58, 2950.00, 58, 58);
    